[
  {
    "Name": "One Up for a real challenge - beyond the world of Mobile Apps (Vignette)"
  },
  {
    "Name": "Two What if Tesla was lucky enough to work for us? (Vignette)"
  },
  {
    "Name": "a Quantum Revolution by Super Clean Reticles (Home Expert) 40 min"
  },
  {
    "Name": "b Quantum Revolution by Super Clean Reticles (Home Expert) 20 min"
  },
  {
    "Name": "c Quantum Revolution by Super Clean Reticles (Home Expert) 15 min"
  },
  {
    "Name": "d Quantum Revolution by Super Clean Reticles (Home Expert) 45 min"
  },
  {
    "Name": "e Quantum Revolution by Super Clean Reticles (Home Expert) 30 min"
  },
  {
    "Name": "f Quantum Revolution by Super Clean Reticles (Home Expert) 30 min"
  },
  {
    "Name": "g Quantum Revolution by Super Clean Reticles (Home Expert) 30 min"
  },
  {
    "Name": "h Quantum Revolution by Super Clean Reticles (Home Expert) 30 min"
  },
  {
    "Name": "i Quantum Revolution by Super Clean Reticles (Home Expert) 30 min"
  },
  {
    "Name": "j Quantum Revolution by Super Clean Reticles (Home Expert) 30 min"
  },
  {
    "Name": "k Quantum Revolution by Super Clean Reticles (Home Expert) 30 min"
  },
  {
    "Name": "l Quantum Revolution by Super Clean Reticles (Home Expert) 30 min"
  },
  {
    "Name": "m Quantum Revolution by Super Clean Reticles (Home Expert) 30 min"
  },
  {
    "Name": "n Quantum Revolution by Super Clean Reticles (Home Expert) 30 min"
  },
   {
    "Name": "o Quantum Revolution by Super Clean Reticles (Home Expert) 30 min"
  },
  {
    "Name": "three Up for a real challenge - beyond the world of Mobile Apps (Vignette)"
  },
  {
    "Name": "four What if Tesla was lucky enough to work for us? (Vignette)"
  },
  {
    "Name": "five Up for a real challenge - beyond the world of Mobile Apps (Vignette)"
  },
  {
    "Name": "six What if Tesla was lucky enough to work for us? (Vignette)"
  }
]